text,label
with vibrance and warmth,1
"stale ,",0
glides gracefully from male persona to female without missing a beat,1
", all-over-the-map movie would be a lot better if it pared down its plots and characters to a few rather than dozens ... or if it were subtler ... or if it had a sense of humor .",0
"the case for a strong education and good teachers being more valuable in the way they help increase an average student 's self-esteem , and not strictly in the knowledge imparted",1
the first half of sorority boys,1
a bit too much like an infomercial for ram dass 's latest book aimed at the boomer,0
"goldbacher draws on an elegant visual sense and a talent for easy , seductive pacing ... but she and writing partner laurence coriat do n't manage an equally assured narrative coinage .",1
"dull , inconsistent , dishonest",0
"still , the updated dickensian sensibility of writer craig bartlett 's story is appealing .",1
acting like an 8-year-old channeling roberto benigni,0
establishes its ominous mood and tension,1
the grandeur,1
is repeated at least four times .,0
eight legged freaks falls flat as a spoof .,0
add up to more than body count,0
a bloated plot,0
"like many western action films , this thriller is too loud and thoroughly overbearing",0
time frame right,1
a literary detective story is still a detective story and aficionados of the whodunit wo n't be disappointed,1
"'s a terrible movie in every regard , and",0
enduring strengths,1
"deliberately and devotedly constructed , far from heaven is too picture postcard perfect , too neat and new pin-like , too obviously a recreation to resonate .",1
it may also be the best sex comedy about environmental pollution ever made .,1
about either the nature of women or,1
poorly written,0
a deserved co-winner,1
minor film,0
", the movie winds up feeling like a great missed opportunity .",0
dominate a family,0
his fake backdrops,0
"ice cube is n't quite out of ripe screwball ideas , but friday after next spreads them pretty thin",0
it 's so devoid of joy and energy it makes even jason x ... look positively shakesperean by comparison .,0
thrown every suspenseful cliché in the book,0
funny and human and really,1
exhibits the shallow sensationalism characteristic of soap opera ... more salacious telenovela than serious drama,0
joyous communal festival,1
breezy blend,1
"the most complex , generous and subversive artworks of the last decade",1
feel the wasted potential of this slapstick comedy,0
comes across as lame and sophomoric in this debut indie feature .,0
damn funny stuff,1
descends into such message-mongering moralism,0
deny its seriousness and quality,0
entertained by the unfolding of bielinsky 's,1
obvious as telling a country skunk,0
all mixed up together like a term paper from a kid who ca n't quite distinguish one sci-fi work from another,0
"slow , uneventful",0
not remotely incisive enough,0
just as endearing and easy,1
"gentle , touching story",1
two bodies and hardly a laugh between them,0
for almost the first two-thirds of martin scorsese 's 168-minute gangs of new york,1
veers like a drunken driver,0
feels as flat as the scruffy sands of its titular community .,0
has some of the funniest jokes of any movie,1
", uncommonly sincere movie that portrays the frank humanity of ... emotional recovery",1
"claire is a terrific role for someone like judd , who really ought to be playing villains .",1
"is not show-stoppingly hilarious , but scathingly witty nonetheless .",1
does n't have anything really interesting to say,0
a dream image,1
no level whatsoever,0
heart-warming,1
that is more accurate than anything i have seen in an american film,1
of loving,1
"is funny , not actually exploiting it yourself",1
stick figures reading lines from a teleprompter,0
"gets the details right , from its promenade of barely clad bodies in myrtle beach , s.c. , to the adrenaline jolt of a sudden lunch rush at the diner",1
serving sara should be served an eviction notice at every theater stuck with it .,0
turturro is fabulously funny and over the top as a ` very sneaky ' butler who excels in the art of impossible disappearing/reappearing acts,1
poignant and wryly amusing film,1
"in the middle and lurches between not-very-funny comedy , unconvincing dramatics and some last-minute action strongly reminiscent of run lola run",0
certain sexiness,1
"it pays earnest homage to turntablists and beat jugglers , old schoolers and current innovators",1
close to being the barn-burningly bad movie it promised it would be,0
"can just follow the same blueprint from hundreds of other films , sell it to the highest bidder and walk away without anyone truly knowing your identity .",0
the strength,1
no apparent reason except,0
dull-witted and disquietingly,0
"béart and berling are both superb , while huppert ... is magnificent .",1
's already a joke in the united states,0
's not wallowing in hormonal melodrama,0
quite enough of them,1
"straightforward , emotionally honest manner",1
one moment,1
entertaining tricks,1
"an interesting topic , some intriguing characters and a sad ending",1
would change the fact that what we have here is a load of clams left in the broiling sun for a good three days,0
achieves near virtuosity in its crapulence,0
he makes you realize that deep inside righteousness can be found a tough beauty .,1
"life affirming and heartbreaking ,",1
favor of tradition and warmth,1
having been recycled more times than i 'd care to count,0
"has been overexposed , redolent of a thousand cliches , and",0
a passionately inquisitive film determined to uncover the truth and hopefully inspire action .,1
"a wry , affectionate delight .",1
is disappointingly generic .,0
be drawn in by the sympathetic characters,1
the film operates nicely off the element of surprise,1
so many explosions,1
pulpy core conceit,0
gussied up with so many distracting special effects and visual party tricks that it 's not clear whether we 're supposed to shriek or laugh .,0
never come up with an adequate reason why we should pay money for what we can get on television for free,0
"colorful , semimusical",1
"loose , unaccountable",0
ca n't believe anyone would really buy this stuff .,0
staged violence overshadows everything,0
"it 's a rather listless amble down the middle of the road , where the thematic ironies are too obvious and the sexual politics too smug .",0
that 's neither completely enlightening,0
"romeo and juliet/west side story territory , where it plainly has no business going",0
"to ask people to sit still for two hours and change watching such a character , especially when rendered in as flat and impassive a manner as phoenix 's",0
"as rude and profane as ever , always hilarious and , most of the time , absolutely",1
its engaging simplicity,1
it forces you to watch people doing unpleasant things to each other and themselves,1
its questionable satirical ambivalence,0
", i do n't know why steven seagal is considered a star , nor why he keeps being cast in action films when none of them are ever any good or make any money .",0
warm in its loving yet unforgivingly inconsistent depiction of everyday people,1
"cruel and inhuman cinematic punishment ... simultaneously degrades its characters , its stars and its audience .",0
"for a depressing story that throws a bunch of hot-button items in the viewer 's face and asks to be seen as hip , winking social commentary",0
to the gallic ` tradition of quality,1
without sham the raw-nerved story,1
"relies less on forced air than on petter næss ' delicate , clever direction ... and a wonderful , imaginative script by axel hellstenius .",1
thoroughly enjoyable,1
was worse . '',0
of a so-called ` comedy ' and not laugh,0
"leigh is n't breaking new ground , but he knows how a daily grind can kill love",1
just such a dungpile that you 'd swear you,0
", the film is deadly dull",0
the film is doing something of a public service -- shedding light on a group of extremely talented musicians who might otherwise go unnoticed and underappreciated by music fans .,1
described as sci-fi generic,0
hilary,1
present an unflinching look,1
a bit melodramatic and even a little dated,0
"loud , brash and mainly unfunny",0
"by an inconsistent , meandering , and sometimes dry plot",0
's a feel-good movie about which you can actually feel good .,1
"it 's packed with adventure and a worthwhile environmental message , so",1
it 's still quite worth seeing,1
"some movies and artfully restrained in others , 65-year-old jack nicholson",1
characteristically startling visual style,1
"most importantly ,",1
the film runs on a little longer than it needs to -- muccino either does n't notice when his story ends or just ca n't tear himself away from the characters --,0
stunningly,1
"becomes just another voyeuristic spectacle , to be consumed and forgotten",0
passion and energy,1
a disappointingly thin slice of lower-class london life ; despite the title ...,0
"a movie that , quite simply , should n't have been made .",0
"a very compelling , sensitive , intelligent and almost cohesive piece of film entertainment",1
was n't just bad,0
"it 's a setup so easy it borders on facile ,",0
dog,1
you thought was going to be really awful,0
parker exposes the limitations of his skill and the basic flaws in his vision . ',0
novels to the big screen,1
becomes instead a grating endurance test,0
"it looks like an action movie , but it 's so poorly made , on all levels , that it does n't even qualify as a spoof of such",0
"appalling , shamelessly manipulative and contrived , and totally lacking in conviction",0
experienced,1
"with nary a glimmer of self-knowledge , ( crane ) becomes more specimen than character -- and auto focus remains a chilly , clinical lab report .",0
"is an exercise in chilling style , and twohy films the sub , inside and out , with an eye on preserving a sense of mystery .",1
this wo n't seem like such a bore,0
"helped give a spark to `` chasing amy '' and `` changing lanes '' falls flat as thinking man cia agent jack ryan in this summer 's new action film , `` the sum of all fears",0
is the case of a pregnant premise being wasted by a script that takes few chances and manages to insult the intelligence of everyone in the audience .,0
"a hoot watching the rock chomp on jumbo ants , pull an arrow out of his back , and leap unscathed through raging fire",1
"a worthy addition to the cinematic canon , which , at last count , numbered 52 different versions .",1
us all,1
a wild ride juiced with enough energy and excitement for at least three films .,1
you 've got to admire ... the intensity with which he 's willing to express his convictions,1
's hard to imagine that even very small children will be impressed by this tired retread,0
gets a lot of flavor and spice into his charade remake,1
it has made its way into your very bloodstream,1
shrewd enough to activate girlish tear ducts does n't mean it 's good enough for our girls,0
charming 2000 debut shanghai noon,1
earnestness,1
"wimps out by going for that pg-13 rating , so the more graphic violence is mostly off-screen and the sexuality is muted .",0
"is smart to vary the pitch of his movie , balancing deafening battle scenes with quieter domestic scenes of women back home receiving war department telegrams",1
and for all the wrong reasons besides .,0
look no further,1
becomes a bit of a mishmash,0
also captures moments of spontaneous creativity and authentic co-operative interaction,1
unfaithful is at once intimate and universal cinema .,1
the pay-off is negligible,0
is a masterpiece .,1
how i killed my father compelling,1
murderer,0
"a stupid , derivative horror film that substitutes extreme",0
diva,1
lustrous polished visuals,1
definitely worth 95 minutes of your time .,1
"creates a stunning , taxi driver-esque portrayal of a man teetering on the edge of sanity .",1
we 've liked klein 's other work but rollerball left us cold .,0
cliche pileup,0
"( jeff 's ) gorgeous ,",1
will be from unintentional giggles -- several of them .,0
shot but dull and ankle-deep ` epic .,0
never rises above mediocrity,0
a summer,1
"off with an inauspicious premise , mopes through a dreary tract of virtually plotless meanderings and then ends with a whimper .",0
"is n't heated properly , so that it ends up",0
full well,1
revigorates,1
seems as deflated as he does,0
frustrations,0
the shocking conclusion is too much of a plunge,0
been readily dismissed as the tiresome rant of an aging filmmaker still thumbing his nose at convention,0
if you appreciate the one-sided theme to lawrence 's over-indulgent tirade,0
beautifully crafted and brutally honest,1
which proves that rohmer still has a sense of his audience,1
certainly the performances are worthwhile .,1
seems hopelessly juvenile,0
laughs,1
are times when the film 's reach exceeds its grasp,0
an unintentionally surreal kid 's picture ... in which actors in bad bear suits enact a sort of inter-species parody of a vh1 behind the music episode .,0
lost on the target audience,0
", austin powers in goldmember has some unnecessary parts and is kinda wrong in places .",0
become a major-league leading lady,1
"some of the visual flourishes are a little too obvious , but restrained and subtle storytelling , and fine performances make this delicate coming-of-age tale a treat .",1
mad,0
"video , and so devoid of artifice and purpose",0
defend himself,1
"does n't end up having much that is fresh to say about growing up catholic or , really , anything .",0
"'s super - violent , super-serious and super-stupid .",0
in such odd plot,0
has found the perfect material with which to address his own world war ii experience in his signature style .,1
"exalts the marxian dream of honest working folk ,",1
"glows with enthusiasm , sensuality and a conniving wit",1
"assumes that not only would subtlety be lost on the target audience , but that it 's also too stupid to realize that they 've already seen this exact same movie a hundred times",0
none of which ever seem to hit,0
"a divine monument to a single man 's struggle to regain his life , his dignity and his music",1
to films which will cause loads of irreparable damage that years and years of costly analysis could never fix,0
"its use of the thriller form to examine the labyrinthine ways in which people 's lives cross and change , buffeted by events seemingly out of their control",1
has this sneaky feel to it -- as if the director is trying to dupe the viewer into taking it all as very important simply because the movie is ugly to look at and not a hollywood product,0
salient points,1
highly engaging .,1
the greatest natural sportsmen,1
be wishing for a watch that makes time go faster rather than the other way around,0
this is a shrewd and effective film from a director who understands how to create and sustain a mood .,1
"high crimes carries almost no organic intrigue as a government / marine/legal mystery , and",0
exudes the fizz of a busby berkeley musical and the visceral excitement of a sports extravaganza .,1
the only thing i laughed at,0
that someone other than the director got into the editing room and tried to improve things by making the movie go faster,0
"at the diverse , marvelously twisted shapes history has taken",1
"( davis ) wants to cause his audience an epiphany , yet he refuses to give us real situations and characters .",0
are frequently too dark to be decipherable,0
"... an often intense character study about fathers and sons , loyalty and duty .",1
none of them are ever any good,0
a bloated plot that stretches the running time about 10 minutes,0
with real world events,1
"that it 's offensive , but",0
fessenden continues to do interesting work,1
it is definitely worth seeing .,1
cross-dressing,0
"from charismatic rising star jake gyllenhaal but also from accomplished oscar winners susan sarandon , dustin hoffman and holly hunter , yet newcomer ellen pompeo pulls off the feat with aplomb",1
befuddled in its characterizations as it begins to seem as long as the two year affair which is its subject,0
"it 's also a -- dare i say it twice -- delightfully charming -- and totally american , i might add -- slice of comedic bliss .",1
"'s a powerful though flawed movie , guaranteed to put a lump in your throat while reaffirming washington as possibly the best actor working in movies today",1
"the proficient , dull sorvino",0
its committed dumbness,0
swirling,1
visually graceful,1
the wounds of the tortured and self-conscious material,0
"may be more genial than ingenious , but it gets the job done",1
detention,0
more experimental in its storytelling,1
"have potential as a cult film ,",1
spy flick worthy,1
on `` stupid,0
goddammit,0
wanderers and a bronx tale,0
uniquely sensual metaphorical dramatization,1
at its best moments,1
"one of my greatest pictures , drunken master",1
"failing , ultimately , to make something bigger out of its scrapbook of oddballs",0
"the film has ( its ) moments , but",1
simple message,1
natural affability,1
"after sitting through this sloppy , made-for-movie comedy special",0
the most screwy thing here is how so many talented people were convinced to waste their time,0
in all the best possible ways,1
"it is very difficult to care about the character , and that is the central flaw of the film",0
touched,1
check this one out,1
this is classic nowheresville in every sense,0
the connected stories of breitbart and hanussen are actually fascinating,1
imaginatively mixed cast,1
bean drops the ball too many times ... hoping the nifty premise will create enough interest to make up for an unfocused screenplay .,0
"frankly , it 's pretty stupid .",0
dramatic punch,1
boyd 's screenplay ( co-written with guardian hack nick davies ) has a florid turn of phrase that owes more to guy ritchie than the bard of avon .,0
nothing short of a travesty of a transvestite comedy,0
"flows forwards and back , weaving themes among three strands which allow us to view events as if through a prism",1
solo,1
a rare treat that shows the promise of digital filmmaking,1
"as well-written as sexy beast , not as gloriously flippant as lock , stock and two smoking barrels , but stylish and moody and exceptionally well-acted .",1
are required to balance all the formulaic equations in the long-winded heist comedy who is cletis tout ?,0
no amount of imagination,0
might just be better suited to a night in the living room than a night at the movies,0
with poetic force and buoyant feeling,1
"all the stomach-turning violence , colorful new york gang lore and other hallmarks of his personal cinema painted on their largest-ever historical canvas",1
"is hugely overwritten , with tons and tons of dialogue -- most of it given to children",0
putters along looking for astute observations and coming up blank,0
stretched over the nearly 80-minute running time,0
quietly vulnerable,1
"is a beautiful , aching sadness to it all",1
you 're never quite sure where self-promotion ends and the truth begins,0
"the children of varying ages in my audience never coughed , fidgeted or romped up and down the aisles for bathroom breaks",1
profound ethical and philosophical questions,1
"still , this flick is fun , and host to some truly excellent sequences .",1
so desperate for attention it nearly breaks its little neck trying to perform entertaining tricks,0
he 's spiffing up leftovers that are n't so substantial or fresh,0
the gags are often a stitch .,1
"has a delightfully dour , deadpan tone and stylistic consistency .",1
"it is a strength of a documentary to disregard available bias , especially as temptingly easy as it would have been with this premise .",1
"did no one on the set have a sense of humor , or did they not have the nerve to speak up",0
of oral storytelling frozen onto film,1
"a more annoying , though",0
gives his best screen performance with an oddly winning portrayal of one of life 's ultimate losers,1
"has a lot to do with the casting of juliette binoche as sand , who brings to the role her pale , dark beauty and characteristic warmth",1
you hate to tear your eyes away from the images long enough to read the subtitles,1
there are laughs aplenty,1
codswallop,0
academy award,1
notice the 129-minute running time,0
artsy and often pointless,0
undermines the possibility for an exploration of the thornier aspects of the nature/nurture argument in regards,0
"easy to swallow , but scarcely nourishing",0
freshness,1
the most irresponsible picture ever released by a major film studio .,0
visually striking,1
the dead ( water ) weight of the other,0
", in praise of love lacks even the most fragmented charms i have found in almost all of his previous works .",0
like john le carré with a couple of burnt-out cylinders,0
explores the awful complications of one terrifying day,1
jackass is a vulgar,0
"this nasty comedy pokes fun at the same easy targets as other rowdy raunch-fests -- farts , boobs , unmentionables -- without much success .",0
relies on more than special effects,1
are likely to be as heartily sick of mayhem as cage 's war-weary marine,0
just does n't make sense,0
a riveting story,1
"hashiguchi covers this territory with wit and originality , suggesting that with his fourth feature -- the first to be released in the u.s.",1
evocative shades,1
the needs of moviegoers for real characters and compelling plots,0
its cutesy reliance,1
"turned out nearly 21/2 hours of unfocused , excruciatingly tedious cinema that , half an hour in , starts making water torture seem appealing",0
"( lin chung 's ) voice is rather unexceptional , even irritating ( at least to this western ear ) , making it awfully hard to buy the impetus for the complicated love triangle that develops between the three central characters .",0
comes from the heart,1
"nobody seems to have cared much about any aspect of it , from its cheesy screenplay to the grayish quality of its lighting to its last-minute , haphazard theatrical release .",0
very lively dream,1
may have many agendas,1
could be any flatter,0
be more timely in its despairing vision of corruption,0
lingering death,0
manages to string together enough charming moments to work .,1
decent popcorn adventure,1
"is n't a product of its cinematic predecessors so much as an mtv , sugar hysteria , and playstation cocktail .",0
"their super-powers , their super-simple animation",0
finds the ideal outlet for his flick-knife diction in the role of roger swanson,1
clever ways,1
her agreeably startling use of close-ups,1
"the characters are complex and quirky , but entirely believable as the remarkable ensemble cast brings them to life .",1
nothing original,0
this movie sucks . ',0
"flashy gadgets and whirling fight sequences may look cool , but they ca n't distract from the flawed support structure holding equilibrium up",0
impersonal,0
imponderably stilted and,0
that never really busts out of its comfy little cell,0
beautiful images and solemn words,1
slather clearasil over the blemishes of youth,0
top-billed star bruce willis,1
why this project was undertaken,0
a touching drama,1
you 're in luck .,1
about the thousands of americans who die hideously,0
should bolster director and co-writer,1
"of longing , lasting traces of charlotte 's web of desire and desperation",1
this exciting new filmmaker has brought to the screen,1
seems to go out of his way to turn the legendary wit 's classic mistaken identity farce into brutally labored and unfunny hokum .,0
"the director , mark pellington , does a terrific job conjuring up a sinister , menacing atmosphere though unfortunately all the story gives us is flashing red lights , a rattling noise , and a bump on the head .",1
to the flowering of the south korean cinema,1
imaginative as one might have hoped,1
the film itself -- as well its delightful cast -- is so breezy,1
less a movie,0
the disjointed feel of a bunch of strung-together tv episodes .,0
balances both traditional or modern stories together,1
is sufficiently funny to amuse even the most resolutely unreligious parents who escort their little ones to megaplex screenings .,1
gangster no. 1 drips,0
of brooding personalities that parade about as if they were coming back from stock character camp -- a drowsy drama infatuated by its own pretentious self-examination,0
from grace that still leaves shockwaves,1
a play that only ever walked the delicate tightrope between farcical and loathsome,0
"inescapably gorgeous ,",1
"that beneath the familiar , funny surface",1
of breathtaking mystery,1
fall prey to a boatload of screenwriting cliches that sink it faster than a leaky freighter,0
sitting open too long,0
rotten in almost every single facet of production,0
kill the effect,0
-- elegant technology for the masses --,1
"of an intensely lived time , filled with nervous energy , moral ambiguity and great uncertainties",1
a cellophane-pop remake of the punk,0
a dungpile,0
forcing us to endure every plot contrivance that the cliché-riddled genre can offer,0
the entire movie is so formulaic and forgettable that it 's hardly over before it begins to fade from memory .,0
untrained in acting,0
"getting tired of the whole slo-mo , double-pistoled , ballistic-pyrotechnic hong kong action aesthetic",0
without bestowing the subject with the intelligence or sincerity it unequivocally deserves,0
most appealing movies,1
it is more than merely a holocaust movie,1
of outrageous force and craven concealment,0
make it as much fun,1
has something interesting to say,1
"'s also built on a faulty premise , one it follows into melodrama and silliness",0
"cheapo animation ( like saturday morning tv in the '60s ) , a complex sword-and-sorcery plot and characters who all have big round eyes and japanese names",0
"an entertaining british hybrid of comedy , caper thrills and quirky romance",1
simple misfire,0
very least,0
"hashiguchi covers this territory with wit and originality , suggesting that with his fourth feature -- the first to be released in the u.s. -- a major director is emerging in world cinema",1
"of the most moronic screenplays of the year , full of holes that will be obvious even to those who are n't looking for them",0
as blasphemous and nonsensical as a luis buñuel film,0
"; not the craven of ' a nightmare on elm street ' or ` the hills have eyes , '",0
film a must for everyone from junior scientists,1
too many,0
a little weak,0
genuine and,1
not smart or,0
"... very funny , very enjoyable ...",1
"i liked about schmidt a lot , but i have a feeling that i would have liked it much more if harry & tonto never existed .",1
the characters are intriguing and realistic,1
more than a movie,1
the bravery and dedication,1
strangely comes off as a kingdom more mild than wild .,1
a medium-grade network sitcom --,0
"fast , funny , and even touching story",1
in the best possible senses of both those words,1
"uninteresting , unlikeable people",0
explode,1
"the creative animation work may not look as fully ` rendered ' as pixar 's industry standard , but it uses lighting effects and innovative backgrounds to an equally impressive degree",1
are true to the essence of what it is to be ya-ya,1
guilt-trip,0
"the film never recovers from the clumsy cliché of the ugly american abroad , and the too-frosty exterior ms. paltrow employs to authenticate her british persona is another liability .",0
"runs a good race , one that will have you at the edge of your seat for long stretches",1
increasingly implausible as it,0
"to sort the bad guys from the good , which is its essential problem",0
"a movie that is what it is : a pleasant distraction , a friday night diversion , an excuse to eat popcorn",1
shoplifts shamelessly from farewell-to-innocence movies like the wanderers and a bronx tale without cribbing any of their intelligence,0
"has been written so well , that even a simple `` goddammit ! ''",1
all will be greek to anyone not predisposed to the movie 's rude and crude humor .,0
to see how many times they can work the words `` radical '' or `` suck '' into a sentence,0
"the three leads produce adequate performances , but",1
that the ` true story ' by which all the queen 's men is allegedly `` inspired '' was a lot funnier and more deftly enacted than what 's been cobbled together onscreen,0
"a buoyant , expressive flow of images",1
"drama ,",0
"first-class , natural acting",1
complain,0
"despite the film 's bizarre developments , hoffman keeps us riveted with every painful nuance , unexpected flashes of dark comedy and the character 's gripping humanity .",1
hilarious and sad,1
"the picture uses humor and a heartfelt conviction to tell a story about discovering your destination in life , but",1
they presume their audience wo n't sit still for a sociology lesson,0
are remarkable .,1
make it human,1
woozy,0
its empty head,0
` dumb,0
"too much of storytelling moves away from solondz 's social critique , casting its audience as that of intellectual lector in contemplation of the auteur 's professional injuries .",0
"hard to imagine anyone managing to steal a movie not only from charismatic rising star jake gyllenhaal but also from accomplished oscar winners susan sarandon , dustin hoffman and holly hunter , yet newcomer ellen pompeo pulls off the feat with aplomb",1
which becomes something about how lame it is to try and evade your responsibilities,0
it wears out its welcome as tryingly as the title character .,0
's peppered with false starts and populated by characters who are nearly impossible to care about,0
is a bit like getting all excited about a chocolate eclair and then biting into it and finding the filling missing,0
unrecoverable life,0
tantamount to insulting the intelligence of anyone who has n't been living under a rock,0
have been readily dismissed as the tiresome rant of an aging filmmaker still thumbing his nose at convention,0
comes off as insultingly simplistic,0
just did n't care,0
surrealist flourishes,1
much further than we imagine,1
reprehensible,0
but filmmaker yvan attal quickly writes himself into a corner,0
a game of ` who 's who ' ... where the characters ' moves are often more predictable than their consequences,0
ah-nuld 's action hero days might be over .,0
into sub-tarantino cuteness,1
in the end it 's as sweet as greenfingers,1
sun-splashed whites,1
in praise of love lacks even the most fragmented charms i have found in almost all of his previous works .,0
( a ) stale retread of the '53 original .,0
distance it from the pack of paint-by-number romantic comedies,1
"this is a movie that is what it is : a pleasant distraction , a friday night diversion , an excuse to eat popcorn .",1
psychopathic,0
"resident evil is n't a product of its cinematic predecessors so much as an mtv , sugar hysteria , and playstation cocktail .",0
"is thinking that we needed sweeping , dramatic , hollywood moments to keep us",0
the ways in which extravagant chance can distort our perspective and throw us off the path of good sense,0
"it 's fun , but it 's a real howler .",1
of hype,0
complex portrait of a modern israel that is rarely seen on-screen,1
cumbersome,0
can not overcome blah characters,0
bottomlessly,0
accumulated enjoyment,1
a brutally dry satire of middle american numbness .,0
zings along with vibrance and warmth .,1
that a decent draft in the auditorium might blow it off the screen,0
touching melodrama,1
's nothing interesting in unfaithful whatsoever .,0
men in black ii achieves ultimate insignificance -- it 's the sci-fi comedy spectacle as whiffle-ball epic .,0
sumptuous work,1
daring and beautifully made,1
good and different,1
own ambitious goals,1
the banality and hypocrisy,0
"that he 's going to make a splash even greater than arnold schwarzenegger , jean-claud van damme or steven segal",1
a young robert deniro,1
cranky,0
"it 's possible that something hip and transgressive was being attempted here that stubbornly refused to gel ,",0
"stupid ,",0
as do the girls ' amusing personalities,1
anachronistic quick edits and,1
"high drama , disney-style - a wing and a prayer and a hunky has-been pursuing his castle in the sky .",1
"yes , spirited away is a triumph of imagination , but it 's also a failure of storytelling .",0
a frustrating patchwork :,0
... works on some levels and is certainly worth seeing at least once .,1
much better documentary,1
gives everyone,1
"no excuse for following up a delightful , well-crafted family film with a computer-generated cold fish",0
infectious enthusiasm,1
burnt out on it 's a wonderful life marathons and bored with a christmas carol,0
"enigma is well-made , but it 's just too dry and too placid .",0
bile,0
and dreary piece,0
find it diverting,0
who know nothing about the subject,0
quick-witted,1
done his subject justice,1
pure disney,1
"is unfocused , while the story goes nowhere",0
", hollywood is sordid and disgusting .",0
seem barely in the same movie,0
the sheer joy and pride,1
the heat of the moment,1
to a few rather than dozens,0
bravado -- to take an entirely stale concept and push it through the audience 's meat grinder one more time,0
's much to recommend the film .,1
match the ordeal of sitting through it,0
inspiration,1
the movie is in a class by itself,1
exceedingly rare,1
appeals to me,1
that may make you hate yourself for giving in,0
puzzle whose pieces do not fit,0
really need a remake of `` charade,1
's worth the price of admission for the ridicule factor alone,1
"filmmakers david weissman and bill weber benefit enormously from the cockettes ' camera craziness -- not only did they film performances , but",1
hotter-two-years-ago rap and r&b names and references,0
"despite slick production values and director roger michell 's tick-tock pacing , the final effect is like having two guys yelling in your face for two hours .",0
", irredeemably awful .",0
"the movie should win the band a few new converts , too",1
just plain dumb,0
that would make it the darling of many a kids-and-family-oriented cable channel,1
will enjoy themselves .,1
"satisfyingly scarifying , fresh and old-fashioned at the same time .",1
special effects that run the gamut from cheesy to cheesier to cheesiest,0
"conduct in a low , smoky and inviting sizzle",1
toilet-humor codswallop,0
the stunt work is top-notch ; the dialogue and drama often food-spittingly funny .,1
can out-bad-act the other,0
a sub-formulaic slap,0
"it could be a lot better if it were , well , more adventurous .",0
"it 's nice to see piscopo again after all these years , and chaykin and headly are priceless",1
a fairly enjoyable mixture of longest yard ... and the 1999 guy ritchie caper lock stock and two smoking barrels .,1
"none of this is very original , and it is n't particularly funny .",0
crowd pleaser,1
the christ allegory does n't work because there is no foundation for it,0
directed but terminally cute drama .,1
came handed down from the movie gods on a silver platter,1
a dazzling dream of a documentary .,1
"so marvelously compelling is present brown as a catalyst for the struggle of black manhood in restrictive and chaotic america ... sketchy but nevertheless gripping portrait of jim brown , a celebrated wonder in the spotlight",1
dopey dialogue and sometimes inadequate performances,0
`` new best friend '',1
", overlong , and bombastic",0
living harmoniously,1
"style , structure and rhythms",1
"with terrific computer graphics , inventive action sequences and a droll sense of humor",1
ambitious films,1
", undisputed scores a direct hit .",1
"perry 's good and his is an interesting character ,",1
"all it amounts to is a mildly funny , sometimes tedious , ultimately insignificant film",0
stupid and pointless,0
pompous and,0
truly excellent sequences,1
the dragons are the real stars of reign of fire and you wo n't be disappointed,1
"there 's not a spark of new inspiration in it , just more of the same , done with noticeably less energy and imagination .",0
unfilmable '' novels,0
"a subtle , humorous , illuminating study",1
most of the pitfalls you 'd expect in such a potentially sudsy set-up,0
genuinely bone-chilling,1
even the bull gets recycled .,1
two towers outdoes its spectacle .,1
foul-mouthed,0
a good line in charm,1
"the film has an infectious enthusiasm and we 're touched by the film 's conviction that all life centered on that place , that time and that sport",1
hackneyed,0
"heroes would be a film that is n't this painfully forced , false and fabricated",0
is too pedestrian a filmmaker to bring any edge or personality to the rising place that would set it apart from other deep south stories,0
it comes off as annoying rather than charming,0
"retread ,",0
are entitled to take a deep bow for fashioning an engrossing entertainment out of an almost sure-fire prescription for a critical and commercial disaster,1
but no-nonsense human beings they are and for the still-inestimable contribution they have made to our shared history,1
independent or,1
the payoff,1
one that is presented with great sympathy and intelligence,1
"aloof and lacks any real raw emotion , which is fatal for a film that relies on personal relationships .",0
is n't afraid to provoke introspection in both its characters and its audience,1
constant fits of laughter,1
that 's hardly any fun to watch,0
rehashes,0
able to appreciate the wonderful cinematography and naturalistic acting,1
's notably better acted -- and far less crass - than some other recent efforts in the burgeoning genre of films about black urban professionals,1
anonymous chiller,1
"more than makes up for in drama , suspense , revenge , and romance",1
treasured,1
"a question for philosophers , not filmmakers",0
it 's the worst movie of 2002,0
fantastically vital,1
damned wonderful,1
by corrupt and hedonistic weasels,0
"a film really has to be exceptional to justify a three hour running time , and this is n't",0
humor and poignancy,1
"woven together handsomely , recalling sixties ' rockumentary milestones from lonely boy to do n't look back .",1
non-stop funny feast,1
hugely enjoyable in its own right though not really faithful,1
repetitious,0
a joy to watch and -- especially -- to listen to,1
"we hate ( madonna ) within the film 's first five minutes , and she lacks the skill or presence to regain any ground",0
to the most enchanting film of the year,1
teen-sleaze equivalent,0
that is masterly,1
"appear foolish and shallow rather than , as was more likely ,",0
corny sentimentality,0
"watch it , offering fine acting moments and pungent insights into modern l.a. 's show-biz and media",1
"crisp framing , edgy camera work",1
who manages to blast even the smallest sensitivities from the romance with his clamorous approach,0
sincere acting,1
's as hard to classify as it is hard to resist,1
"by the cast members , who seem bound and determined to duplicate bela lugosi 's now-cliched vampire accent",0
the crassness of this reactionary thriller,0
two fine actors,1
betters it,1
for the film 's winning tone,1
about a couple of saps stuck in an inarticulate screenplay,0
is painfully foolish in trying to hold onto what 's left of his passe ' chopsocky glory,0
right at home,1
"daringly perceptive , taut , piercing and feisty",1
the rare capability to soothe and break your heart with a single stroke,1
"who is always a joy to watch , even when her material is not first-rate )",1
polanski has found the perfect material with which to address his own world war ii experience in his signature style .,1
kong action,1
"the gifts of all involved , starting with spielberg and going right through the ranks of the players -- on-camera and off -- that he brings together .",1
he gives none to the audience,0
anthony asquith 's acclaimed 1952 screen adaptation,1
there is truth here,1
will not be able to stomach so much tongue-in-cheek weirdness,0
see this turd squashed,0
although some viewers will not be able to stomach so much tongue-in-cheek weirdness,0
has a film 's title served such dire warning .,0
a remarkable piece of filmmaking,1
does n't quite know how to fill a frame .,0
prefer this new version,1
to winger fans who have missed her since 1995 's forget paris,1
there would be a toss-up between presiding over the end of cinema as we know it and another night of delightful hand shadows .,0
a jaw-droppingly beautiful work that upends nearly every cliché,1
was written for no one,0
would have likely wound up a tnt original,0
thin -- then out -- when there 's nothing else happening,0
"when cowering and begging at the feet a scruffy giannini , madonna gives her best performance since abel ferrara had her beaten to a pulp in his dangerous game .",1
"it gives poor dana carvey nothing to do that is really funny , and then expects us to laugh because he acts so goofy all the time .",0
"its recycled aspects , implausibility , and",0
that pollyana would reach for a barf bag .,0
have not been this disappointed by a movie in a long time .,0
a feel-good fantasy,1
to the tailor for some major alterations,0
banal dialogue,0
"and it sees those relationships , including that between the son and his wife , and the wife and the father , and between the two brothers , with incredible subtlety and acumen .",1
"forbidden love , racial tension , and other issues that are as valid today",1
a sense of action,1
crap like this,0
explosive physical energy and,1
an intelligent flick that examines many different ideas from happiness to guilt in an intriguing bit of storytelling,1
paints a grand picture of an era and,1
probably one of the best since the last waltz,1
"wilco fans will have a great time , and",1
a coherent rhythm,1
"is so different from the apple and so striking that it can only encourage us to see samira makhmalbaf as a very distinctive sensibility , working to develop her own film language with conspicuous success .",1
plot holes,0
the `` soon-to-be-forgettable '' section of the quirky rip-off prison,0
the most horrific movie experience,0
makes all the difference .,1
... keep the movie slaloming through its hackneyed elements with enjoyable ease .,1
the film ... presents classic moral-condundrum drama : what would you have done to survive ?,1
dopey dialogue and,0
in the reassuring manner of a beautifully sung holiday carol,1
more repulsive,0
know what to make of this italian freakshow,0
wonderful,1
with its own cuteness,1
it all unfolds predictably,0
"to say that it does n't follow the stale , standard , connect-the-dots storyline which has become commonplace in movies that explore the seamy underbelly of the criminal world",1
as stick figures reading lines from a teleprompter,0
"is fresh to say about growing up catholic or , really , anything",1
more propaganda,0
"in a way that 's too loud , too goofy and too short of an attention span",0
"sandra bullock and hugh grant make a great team , but this predictable romantic comedy should get a pink slip .",0
butterflies that die,0
give i am trying to break your heart an attraction it desperately needed,0
it must be the end of the world : the best film so far this year is a franchise sequel starring wesley snipes .,1
slapdash disaster .,0
farcically bawdy,0
... something appears to have been lost in the translation this time,0
"violent , self-indulgent and maddening",0
"lathan and diggs carry the film with their charisma , and",1
a rating of zero,0
a little too much resonance with real world events,0
would be very sweet indeed,1
shooting itself in the foot,0
sprightly,1
the plot seems a bit on the skinny side,0
"in a heartwarming , nonjudgmental kind of way",1
"makes minority report necessary viewing for sci-fi fans , as the film has some of the best special effects ever",1
will need all the luck they can muster just figuring out who 's who in this pretentious mess,0
"neither reaches into the deepest recesses of the character to unearth the quaking essence of passion , grief and fear",0
"a lot of talent is wasted in this crass , low-wattage endeavor .",0
"with zoe clarke-williams 's lackluster thriller `` new best friend '' , who needs enemies ?",0
not good,0
"fill the hot chick , the latest gimmick from this unimaginative comedian",0
i 'm not exactly sure what -- and has all the dramatic weight of a raindrop,0
mess ...,0
scrutiny,0
"a confident , richly acted , emotionally devastating piece of work and 2002 's first great film",1
a plot cobbled together from largely flat and uncreative moments,0
"dramatic , funny and poignant",1
wilco is a phenomenal band with such an engrossing story that will capture the minds and hearts of many .,1
too bad to be good and,0
too bland and fustily tasteful to be truly prurient .,0
"improvise and scream their way around this movie directionless , lacking any of the rollicking dark humor so necessary",0
to be significantly different ( and better ) than most films with this theme,1
where the upbeat ending feels like a copout,0
omitted nor a cliché left unsaid,0
struggling to create,0
just die already,0
hurts,0
"you leave the same way you came -- a few tasty morsels under your belt , but no new friends .",0
a canny crowd pleaser,1
"america , history",1
"you need n't be steeped in '50s sociology , pop culture or movie lore to appreciate the emotional depth of haynes ' work .",1
earns extra points,1
"in such a straightforward , emotionally honest manner that by the end",1
"great to see this turd squashed under a truck , preferably a semi",0
a fun adventure movie for kids ( of all ages ) that like adventure,1
", accompanying the stunt-hungry dimwits in a random series of collected gags , pranks , pratfalls , dares , injuries , etc. .",0
cause you to bite your tongue to keep from laughing at the ridiculous dialog or the oh-so convenient plot twists .,1
"payami graphically illustrates the problems of fledgling democracies , but also the strength and sense of freedom the iranian people already possess , with or without access to the ballot box .",1
"even then , i 'd recommend waiting for dvd and just skipping straight to her scenes .",0
"an ambitious movie that , like shiner 's organizing of the big fight , pulls off enough of its effects to make up for the ones that do n't come off",1
effective moments,1
"` dragonfly ' dwells on crossing-over mumbo jumbo , manipulative sentimentality , and sappy dialogue .",0
teenagers fixating on its body humor and reinforcement of stereotypes,0
of animation enthusiasts of all ages,1
a valiant attempt to tell a story about the vietnam war before the pathology set in,1
probes in a light-hearted way the romantic problems,1
a kiss,1
back to a time when movies had more to do with imagination than market research .,1
vulgar dialogue and,0
"the film reminds me of a vastly improved germanic version of my big fat greek wedding -- with better characters , some genuine quirkiness and at least a measure of style .",1
"surprisingly , considering that baird is a former film editor , the movie is rather choppy .",0
appealing veneer,1
common sense,1
"when one hears harry shearer is going to make his debut as a film director , one would hope for the best",1
break,0
"cell phones , guns , and the internal combustion engine",0
", this is the one .",1
a powerful sequel and one of the best films of the year,1
try to avoid,0
film school brat,0
momentum and its position remains mostly undeterminable,0
too harsh,0
at its utterly misplaced earnestness,0
phoney-feeling,0
and mind-numbing indifference,0
director charles stone iii applies more detail to the film 's music than to the story line ; what 's best about drumline is its energy,1
"its rough-around-the-edges , low-budget constraints",0
in thick clouds of denial,0
of beautiful movement and inside information,1
a dirty old man,0
cinderella,1
shimmeringly lovely,1
of a travesty of a transvestite comedy,0
a huge amount of the credit for the film 's thoroughly winning tone,1
tattered,0
highly uneven and inconsistent ... margarita happy hour kinda resembles the el cheapo margaritas served within .,0
incomprehensible,0
independent-community guiding lights,1
most ardent,1
too evident,0
has already appeared in one forum or another,0
"some very good acting , dialogue ,",1
inexcusable,0
so old-fashioned,0
offers a glimpse of the solomonic decision facing jewish parents in those turbulent times : to save their children and yet to lose them .,1
overwrought comedy/drama,0
", poorly structured",0
has all the enjoyable randomness of a very lively dream and so,1
juvenile,0
"terminally bland , painfully slow and",0
's ) a clever thriller with enough unexpected twists to keep our interest .,1
this loser,0
minutely detailed wonders of dreamlike ecstasy,1
"if you go , pack your knitting needles .",0
exceedingly memorable,1
the film is one of the year 's best .,1
", it has a genuine dramatic impact",1
"the empire strikes back ... a majestic achievement , an epic of astonishing grandeur and surprising emotional depth",1
if you 're willing to have fun with it,1
preserving,1
spain,1
stock clichés,0
is strange and compelling,1
through crap like this,0
busy urban comedy is clearly not zhang 's forte,0
other foul substances,0
"enlightening , insightful and entertaining",1
"do all three quite well ,",1
"the characterizations and dialogue lack depth or complexity , with the ironic exception of scooter .",0
"stupid , infantile , redundant , sloppy",0
one of the more influential works of the ` korean new wave ',1
one eventually resents having to inhale this gutter romancer 's secondhand material,0
the weight of water comes to resemble the kind of soft-core twaddle you 'd expect to see on showtime 's ` red shoe diaries . ',0
insult the intelligence of everyone in the audience,0
overly convenient,0
"makes the silly spy vs. spy film the sum of all fears , starring ben affleck , seem downright hitchcockian",0
"leave the same way you came -- a few tasty morsels under your belt , but no new friends",0
are too cute,1
in which the slack execution italicizes the absurdity of the premise,0
the concept is a hoot .,1
wives are worse,0
the problems,0
shyamalan 's gifts,1
agony,0
"the mothman prophecies , which is mostly a bore",0
"permitting its characters more than two obvious dimensions and repeatedly placing them in contrived , well-worn situations",0
an american ( and an america ) always reaching for something just outside his grasp,0
"parents may even find that it goes by quickly , because it has some of the funniest jokes of any movie this year , including those intended for adults .",1
a lovely film,1
should 've been so much more even if it was only made for teenage boys and wrestling fans,0
general family chaos to which anyone can relate,1
face arrest 15 years after their crime,0
"predominantly amateur cast is painful to watch , so stilted and unconvincing",0
is as blasphemous and nonsensical as a luis buñuel film,0
yawner .,0
"beautifully shot , delicately scored and powered by a set of heartfelt performances , it 's a lyrical endeavor .",1
"it 's nice to see piscopo again after all these years , and",1
myopic,0
viscerally repellent,0
a minimalist beauty,1
silly rather than,0
's icky,0
"burning , blasting , stabbing",0
about the best thing you could say about narc is that it 's a rock-solid little genre picture .,1
made nature film and a tribute to a woman whose passion for this region and its inhabitants still shines in her quiet blue eyes .,1
knocks it flat,0
"to find an enthusiastic audience among american action-adventure buffs , but the film 's interests",0
denzel washington 's fine performance,1
it wo n't hold up over the long haul,0
"love a disney pic with as little cleavage as this one has , and a heroine as feisty and principled as jane",1
of a film that are still looking for a common through-line,0
some delightful work,1
of empathy for its characters,1
"so intensely , but with restraint",1
"of those crass , contrived sequels that not only fails on its own , but makes you second-guess your affection for the original",0
"writing , skewed characters , and the title performance by kieran culkin",0
by mediocrity,0
exist only for its climactic setpiece,0
"if ever such a dependable concept was botched in execution , this is it .",0
"is solid , satisfying fare for adults .",1
remarkable yet shockingly little-known perspective,1
its share of belly laughs ( including a knockout of a closing line ),1
in this colorful bio-pic of a mexican icon,1
experience that finds warmth in the coldest environment and makes each crumb of emotional comfort,1
overlong,0
spaces,1
low on both suspense and payoff,0
a more balanced or fair portrayal,1
you 're not fans of the adventues of steve and terri,0
of hollywood heart-string plucking,0
"director lee has a true cinematic knack , but it 's also nice to see a movie with its heart so thoroughly , unabashedly on its sleeve .",1
it 's touching and tender and proves that even in sorrow you can find humor .,1
"begins with promise , but runs",0
fails to provoke them .,0
"if you saw benigni 's pinocchio at a public park , you 'd grab your kids and run and then probably call the police .",0
how first-time director kevin donovan managed to find something new to add to the canon of chan,1
the old mib label stands for milder is n't better .,0
"phenomenal ,",1
must shoot it in the head,0
"begins with promise , but runs aground after being snared in its own tangled plot",0
just is n't worth telling,0
amari has dressed up this little parable in a fairly irresistible package full of privileged moments and memorable performances .,1
added clout,1
"does n't even have potential as a cult film , as it 's too loud to shout insults at the screen .",0
a fudged opportunity of gigantic proportions,0
often-funny drama,1
", ice age is consistently amusing and engrossing ...",1
see how many times they can work the words `` radical '' or `` suck '' into a sentence,0
large-format,1
"-- drama , conflict , tears and surprise --",1
"a sensitive , modest comic tragedy",1
was utterly charming .,1
"the cleverest ,",1
"character portrait , romantic comedy and beat-the-clock thriller",1
to admit that i am baffled by jason x.,0
"grows as dull as its characters , about whose fate it is hard to care .",0
watch people doing unpleasant things to each other and themselves,0
's always enthralling .,1
does n't drag an audience down,1
the gifted pearce on hand,1
i loved the look of this film .,1
true for being so hot-blooded,1
it 's inauthentic at its core,0
hopes to camouflage how bad his movie is .,0
"sarah 's dedication to finding her husband seems more psychotic than romantic ,",0
though the film is well-intentioned,1
nasty,0
sleep or bewildered by the artsy and often pointless visuals,0
"for a movie that tries to be smart , it 's kinda dumb .",0
an intermittently good time,1
pick up new admirers,1
open-ended questions,1
the nicest thing,1
with an admirably dark first script by brent hanley,1
style-free,0
unnoticed,0
more and more frustrating,0
", amusing , sad and reflective",1
grim future,0
that underscore the importance of family tradition and familial community,1
dramatic interest,1
a cute alien creature,1
have that same option to slap her creators because they 're clueless and inept,0
in the art of impossible disappearing/reappearing acts,1
displays with somber earnestness in the new adaptation of the cherry orchard,1
adventures,1
"is an exercise in chilling style , and twohy films the sub , inside and out , with an eye on preserving a sense of mystery",1
by its end offers a ray of hope to the refugees able to look ahead and resist living in a past,1
have no idea what in creation is going on,0
"a pointed , often tender , examination of the pros and cons of unconditional love and familial duties .",1
who loves both dance and cinema,1
only because the cast is so engagingly messing around like slob city reductions of damon runyon crooks,0
had been developed with more care,1
have been better off staying on the festival circuit,0
"exists ,",1
"maybe not a classic , but a movie the kids will want to see over and over again .",1
of warmth and humor,1
falls apart like a cheap lawn chair,0
obscenely bad dark comedy,0
", big-hearted and frequently",1
takes to describe how bad it is,0
it 's a bad sign when you 're rooting for the film to hurry up and get to its subjects ' deaths just so the documentary will be over,0
alexandre desplat 's haunting and sublime music,1
lived in a state of quiet desperation,0
better characters,1
as clear and reliable an authority on that,1
episodic choppiness,0
never clearly defines his characters or,0
's as if de palma spent an hour setting a fancy table and then served up kraft macaroni and cheese .,0
the ` ick ' in ` classic,0
it does n't work .,0
our best achievements and other times,1
corny television,0
fall to pieces,0
on the promise of excitement,1
"an ugly , revolting movie .",0
kicking undead ***,0
a big splash,1
"yet , it still works .",1
extravagant,1
"an unremittingly ugly movie to look at , listen to , and think about , it is quite possibly the sturdiest example yet of why the dv revolution has cheapened the artistry of making a film .",0
comatose ballerinas,0
good poetry,1
"the movie is n't painfully bad , something to be ` fully experienced ' ; it 's just tediously bad , something to be fully forgotten .",0
could have been much better,0
ill-wrought hypothesis,0
is n't going to jell,0
"a venturesome , beautifully realized psychological mood piece that reveals its first-time feature director 's understanding of the expressive power of the camera .",1
"elling '' manages to do all three quite well , making it one of the year 's most enjoyable releases",1
"the movie 's presentation , which is way too stagy",0
dialogue and a heroine who comes across as both shallow and dim-witted,0
a sturdiness and solidity that we 've long associated with washington,1
", worse , that you have to pay if you want to see it",0
"an honest , sensitive story from a vietnamese point of view .",1
"a chance to learn , to grow , to travel",1
unpaid intern,0
wayward teen,1
there 's no conversion effort,0
"a subtle , humorous , illuminating study of politics , power and social mobility .",1
"whether it 's the worst movie of 2002 , i ca n't say for sure : memories of rollerball have faded , and i skipped country bears",0
smeary and blurry,0
as if by cattle prod,0
does n't necessarily,0
increasingly diverse,0
frustration,0
seedy clash,0
", it comes to life in the performances .",1
trouble every day is a success in some sense,1
"the evocative imagery and gentle , lapping rhythms of this film are infectious -- it gets under our skin and draws us in long before the plot kicks into gear",1
the pantheon of wreckage that includes battlefield earth and showgirls,0
too long and bogs down in a surfeit of characters and unnecessary,0
feel good about,1
's also pretty funny,1
"in the wrong hands , i.e. peploe 's , it 's simply unbearable",0
"a woefully dull , redundant concept that bears more than a whiff of exploitation , despite iwai 's vaunted empathy .",0
need to be invented to describe exactly how bad it is .,0
leave the theater,0
you actually buy into,1
by bad writing,0
", i do n't see the point",0
's a hellish,0
"heavy-handed symbolism , dime-store psychology and",0
the movie lacks in action,0
point at things that explode into flame,0
belongs to nicholson,1
to a moving tragedy with some buoyant human moments,1
murder hits and generally sustains a higher plateau with bullock 's memorable first interrogation of gosling .,1
brainless flibbertigibbet,0
richly resonant work,1
marked an emerging indian american cinema,1
sleek and arty,1
ca n't even do that much,0
without oppressive,1
irreparable,0
top-heavy,0
"go your emotions , taking them to surprising highs , sorrowful lows and hidden impulsive niches ... gorgeous , passionate , and at times uncommonly moving",1
writing and slack direction,0
bland songs,0
feel the love,1
the comedy equivalent of saddam hussein,0
"'s the type of film about growing up that we do n't see often enough these days : realistic , urgent",1
becalmed,1
"nothing special and , until the final act ,",0
it gets to you .,1
do n't see often enough these days,1
said that he is an imaginative filmmaker who can see the forest for the trees,1
becomes instead a grating endurance test .,0
the viewer 's patience with slow pacing and,0
dreary,0
demonstrates just how far his storytelling skills have eroded .,0
slides downhill as soon as macho action conventions assert themselves,0
"skin of man gets a few cheap shocks from its kids-in-peril theatrics , but it also taps into the primal fears of young people trying to cope with the mysterious and brutal nature of adults",1
( lin chung 's ) voice is rather unexceptional,0
street-smart,1
breathe life into this somewhat tired premise,1
a coherent whole,1
... it 's robert duvall !,1
"scenery , vibe and all --",1
commander-in-chief,1
rosenthal ( halloween ii ),0
is actually quite entertaining .,1
beyond all expectation,1
this often-hilarious farce,1
"deep intelligence and a warm , enveloping affection",1
"samira makhmalbaf as a very distinctive sensibility , working to develop her own film language with conspicuous success",1
"because despite all the backstage drama , this is a movie that tells stories that work -- is charming , is moving",1
"absolutely , inescapably gorgeous , skyscraper-trapeze motion of the amazing spider-man",1
heady jumble,0
it already has one strike against it .,0
leaves a bad taste in your mouth and questions,0
forgot to include anything even halfway scary as they poorly rejigger fatal attraction into a high school setting,0
'll be white-knuckled and unable to look away,1
that there is nothing in it to engage children emotionally,0
kicks into gear,1
being simpleminded,0
although estela bravo 's documentary is cloyingly hagiographic in its portrait of cuban leader fidel castro,0
", clumsily staged violence overshadows everything , including most of the actors .",0
"anyone who suffers through this film deserves , at the very least , a big box of consolation candy .",0
"a baffling subplot involving smuggling drugs inside danish cows falls flat , and if you 're going to alter the bard 's ending , you 'd better have a good alternative",0
a better satiric target,0
're far better served by the source material,0
rock 's stand-up magic,1
julia roberts wannabe,0
"this orange has some juice , but it 's far from fresh-squeezed .",0
a man has made about women since valley of the dolls,1
"though it goes further than both , anyone who has seen the hunger or cat people will find little new here ,",0
", haphazard theatrical release",0
drop your jaw,1
drowsy drama,0
"( and literally ) tosses around sex toys and offers half-hearted paeans to empowerment that are repeatedly undercut by the brutality of the jokes , most at women 's expense .",0
"reign of fire is hardly the most original fantasy film ever made -- beyond road warrior , it owes enormous debts to aliens and every previous dragon drama -- but that barely makes it any less entertaining .",1
amours,1
-- a straight guy has to dress up in drag --,0
making it relatively effortless to read and follow the action at the same time,1
most admirable quality,1
", it 's clear that washington most certainly has a new career ahead of him",1
will wear thin on all,0
", considering that baird is a former film editor , the movie is rather choppy .",0
ugly,0
straight-shooting family film,1
"the french director has turned out nearly 21/2 hours of unfocused , excruciatingly tedious cinema that , half an hour in , starts making water torture seem appealing .",0
is a small gem,1
"remote , emotionally distant piece",0
big bad love,1
take movies by storm,1
biggest,1
the choppy editing to the annoying score to ` special effects ' by way of replacing objects in a character 's hands below the camera line,0
you have figured out the con and the players in this debut film by argentine director fabian bielinsky,1
outside his grasp,0
can be forgiven for realizing that you 've spent the past 20 minutes looking at your watch and waiting for frida to just die already .,0
has much to learn,0
this quality band may pick up new admirers,1
stilted,0
generates plot points,1
is likely to find compelling,1
style massacres erupt throughout,0
is that it 's actually watchable,1
like a typical bible killer story,0
dull-witted and,0
a great shame that such a talented director as chen kaige has chosen to make his english-language debut with a film,0
's a pretty listless collection of kid-movie clichés .,0
good intentions derailed by a failure to seek and strike just the right tone,0
it 's too long,0
made me feel unclean,0
brutal and funny,1
is a wonderful thing ;,1
shambles,0
"both shrill and soporific , and because everything is repeated five or six times",0
is only so much baked cardboard i need to chew .,0
a calculating fiend or just a slippery self-promoter,0
be as tiresome as 9 seconds of jesse helms ' anti- castro,0
with the surface histrionics failing to compensate for the paper-thin characterizations and facile situations,0
that the film is never dull,1
it a party worth attending,1
comes off as a two-way time-switching myopic mystery that stalls in its lackluster gear of emotional blandness,0
another key contribution,1
a mess .,0
feeling embarrassed,0
"this is rote spookiness , with nary an original idea ( or role , or edit , or score , or anything , really ) in sight",0
"slack and uninspired , and peopled mainly by characters so unsympathetic that you 're left with a sour taste in your mouth",0
generous and,1
to much more than trite observations on the human condition,0
"it will just as likely make you weep , and it will do so in a way that does n't make you feel like a sucker",1
inane ramblings,0
an 88-minute highlight reel,1
"the , yes , snail-like pacing and",0
warm your heart without making you feel guilty about it,1
sting,0
"for a movie about the power of poetry and passion , there is precious little of either .",0
at every faltering half-step of its development,0
"most complex , generous and subversive artworks",1
tries its best,1
"dwells on crossing-over mumbo jumbo , manipulative sentimentality , and sappy dialogue .",0
", reverent , and subtly different",1
is a winning comedy that excites the imagination and tickles the funny bone .,1
out ballsy and stylish,1
"rushed , slapdash",0
"sordid of human behavior on the screen ,",0
"of the whole dead-undead genre , who deserve more from a vampire pic than a few shrieky special effects",0
seems too simple and the working out of the plot almost arbitrary,0
gedeck,1
like a low-budget hybrid of scarface or carlito 's way,0
to the power of the eccentric and the strange,1
rendered tedious by avary 's failure to construct a story with even a trace of dramatic interest,0
lightweight but appealing,1
"hold dear about cinema , only now it 's begun to split up so that it can do even more damage",0
a dullard,0
"'s sharply comic and surprisingly touching ,",1
"only improves on it , with terrific computer graphics , inventive action sequences and a droll sense of humor",1
the 50-something lovebirds are too immature and unappealing to care about .,0
overrun modern-day comedies,0
never mind all that ; the boobs are fantasti,1
funny situations,1
is a rambling examination of american gun culture that uses his usual modus operandi of crucifixion through juxtaposition .,0
very talented but underutilized,0
reopens an interesting controversy and,1
based filmmakers anne de marcken and marilyn freeman did just that and it 's what makes their project so interesting,1
unpleasantly,0
for drawing wrenching performances from his actors ( improvised over many months ) and for conveying the way tiny acts of kindness make ordinary life survivable,1
a fantastic dual performance from ian holm,1
possibly the best actor,1
as original and insightful,1
"typical animé , with cheapo animation ( like saturday morning tv in the '60s ) , a complex sword-and-sorcery plot and characters who all have big round eyes and japanese names .",0
not only learning but inventing a remarkable new trick,1
whipping out the dirty words,0
succeeds where its recent predecessor miserably,1
a party worth attending,1
the feeble examples,0
all add up to a satisfying crime drama .,1
are crisp and purposeful without overdoing it,1
sensual and funny,1
cherish ',1
"`` bad '' is the operative word for `` bad company , ''",0
", the film has in kieran culkin a pitch-perfect holden .",1
as good,1
"but in terms of its style , the movie is in a class by itself",1
its digs at modern society are all things we 've seen before .,0
"an odd , haphazard , and inconsequential romantic comedy .",0
fun to watch,1
"nothing wrong with performances here , but the whiney characters bugged me .",0
stupid americans,0
", ghost ship is pretty landbound , with its leaden acting , dull exposition and telegraphed ` surprises . '",0
"will be a thoughtful , emotional movie experience",1
"too loud , too goofy and too short",0
the transporter bombards the viewer with so many explosions and side snap kicks that it ends up being surprisingly dull .,0
a comedy that swings and jostles to the rhythms of life,1
"it 's got the brawn , but not the brains .",0
is richer than anticipated,1
has been awarded mythic status in contemporary culture,1
own preciousness,1
woody allen can write and deliver a one liner as well as anybody .,1
"human experience -- drama , conflict , tears and surprise -- that it transcends the normal divisions between fiction and nonfiction film",1
splashed with bloody beauty as vivid as any scorsese has ever given us .,1
"'s taken one of the world 's most fascinating stories and made it dull , lifeless , and irritating",0
", worse yet , nonexistent --",0
the bad reviews,0
trotting out threadbare standbys,0
any of the signposts,0
mindless pace,0
that a movie can be as intelligent as this one is in every regard except its storyline,0
wander into the dark areas of parent-child relationships,0
strong and unforced supporting cast,1
raimi and his team could n't have done any better in bringing the story of spider-man to the big screen .,1
it 's hardly watchable,0
the concert footage is stirring,1
"seen through the right eyes , with the right actors and with the kind of visual flair that shows what great cinema can really do .",1
various sources,1
"k-19 will not go down in the annals of cinema as one of the great submarine stories ,",0
"'s plotless , shapeless",0
too stagey,0
a welcome relief from the usual two-dimensional offerings,1
does n't reach them,0
"the three leads produce adequate performances , but what 's missing from this material is any depth of feeling",0
callow rich boy,0
endearing and,1
inhuman,0
quietly hopeful,1
"miller eloquently captures the moment when a woman 's life , out of a deep-seated , emotional need , is about to turn onto a different path .",1
a joint promotion for the national basketball association and,1
ideological,1
"the story is lacking any real emotional impact , and the plot is both contrived and cliched",0
") fondness for fancy split-screen , stuttering editing and pompous references to wittgenstein and kirkegaard",0
"a vivid , sometimes surreal",1
having a hard time believing people were paid to make it,0
the peak of all things insipid,0
"offers an aids subtext , skims over the realities of gay sex ,",0
poo,0
a huge amount of the credit for the film,1
sheridan 's take on the author 's schoolboy memoir ... is a rather toothless take on a hard young life .,0
handed down from the movie gods,1
ample,1
a true,1
they ca n't go wrong .,1
is an enjoyable big movie primarily because australia is a weirdly beautiful place,1
terrifically entertaining specimen,1
"of bright young men -- promising , talented , charismatic and tragically",1
any sexual relationship that does n't hurt anyone and works for its participants is a relationship that is worthy of our respect,1
deserves a look,1
is so often less,0
seeing because it 's so bad,0
the animated sequences are well done and perfectly constructed to convey a sense of childhood imagination and creating adventure out of angst,1
've had the misfortune to watch in quite some time .,0
sympathetic characters,1
puzzle his most ardent fans .,0
an inuit masterpiece,1
"bad mannered , ugly and destructive little ****",0
tendentious intervention,0
"stylish but steady , and",1
gaunt,0
the greatest musicians,1
"clotted with heavy-handed symbolism , dime-store psychology and endless scenic shots that make 105 minutes seem twice as long",0
helmer,1
the type of dumbed-down exercise in stereotypes that gives the ( teen comedy ),0
the sentimental cliches mar an otherwise excellent film .,1
"with nary a glimmer of self-knowledge , ( crane ) becomes more specimen than character --",0
"on toilet humor , ethnic slurs",0
"despite its rough edges and a tendency to sag in certain places , is wry and engrossing .",1
that it ca n't really be called animation,0
last-minute,0
icily brilliant,1
"cheesy backdrops , ridiculous action sequences , and many tired jokes about men in heels",0
buy this stuff,1
coming-of-age theme,1
the screenplay or something,1
feels at odds with the rest of the film .,0
about in thick clouds of denial,0
may have been born to make,1
"priggish , lethargically paced parable of renewal .",0
it makes me wonder if lawrence hates criticism so much that he refuses to evaluate his own work .,0
witless script,0
dazzling thing to behold -- as long as you 're wearing the somewhat cumbersome 3d goggles the theater,1
nair 's cast is so large it 's altman-esque,1
place most of the psychological and philosophical material in italics,0
children 's ' song,1
a heartfelt romance,1
neatly constructed thriller .,1
delectable,1
reveals how important our special talents can be when put in service of of others .,1
one of the world 's most fascinating stories,1
how lame,0
awful acts,0
del,1
of four englishmen facing the prospect of their own mortality,0
is a successful one .,1
in a well-balanced fashion,1
would make it a great piece to watch with kids and use to introduce video as art .,1
's just plain lurid when it is n't downright silly .,0
a complete waste,0
hop beat,1
chase to end all chases,1
omnibus tradition,1
acumen,1
a damn fine and a truly distinctive and a deeply pertinent film,0
with the assassin is structured less as a documentary and more as a found relic,0
by its smallness,0
"who needs mind-bending drugs when they can see this , the final part of the ` qatsi ' trilogy , directed by godfrey reggio , with music by philip glass ?",1
easily the most thoughtful fictional examination of the root,1
"were as claustrophic , suffocating and chilly as the attics to which they were inevitably consigned",0
unnecessary films,0
the film does n't manage to hit all of its marks,0
can fully succeed at cheapening it .,0
play second fiddle to the dull effects that allow the suit to come to life,0
"capable of charming the masses with star power , a pop-induced score and sentimental moments that have become a spielberg trademark",1
"she is a lioness , protecting her cub , and he a reluctant villain",1
"comes off as a touching , transcendent love story .",1
life 's wonderment,1
the glorious chicanery and self-delusion of this most american of businesses,1
enhances the quality of neil burger 's impressive fake documentary .,1
is enough to give you brain strain,0
gently humorous,1
is not a bad film .,1
the disjointed mess,0
the piece works,1
's an 88-minute highlight reel that 's 86 minutes too long,0
gets full mileage out,1
carries us effortlessly from darkness,1
to the otherwise bleak tale,0
the very hollowness,0
takes care,1
a james bond series for kids,1
"a terrific role for someone like judd , who really ought to be playing villains",1
", actor raymond j. barry is perfectly creepy and believable .",1
dark to be decipherable,0
acknowledges and celebrates the glorious chicanery and self-delusion of this most american of businesses,1
neglecting character development,0
"sitting through this sloppy , made-for-movie comedy special",0
an aimlessness,0
"the stale , standard , connect-the-dots storyline",0
wildly incompetent but brilliantly named half past dead -- or for seagal pessimists : totally past his prime .,0
alone could force you to scratch a hole in your head .,0
catches you up in something bigger than yourself,1
loopy,0
being cast in action films when none of them are ever any good,0
dangerously collide,0
"of warmth , color and cringe",1
"paxton , making his directorial feature debut , does strong , measured work .",1
are having so much fun,1
deliberately and skillfully uses ambiguity to suggest possibilities which imbue the theme with added depth and resonance .,1
becomes distasteful and downright creepy,0
might be distracted by the movie 's quick movements and,0
has merit and,1
there 's ... an underlying old world sexism to monday morning that undercuts its charm,0
weirdly appealing,1
the nature of compassion,1
if you do n't understand what on earth is going on,0
"with seriously dumb characters , which somewhat dilutes the pleasure of watching them",0
is a superior horror flick .,1
a fairly harmless but ultimately lifeless feature-length afterschool special .,0
be swept away by the sheer beauty of his images,1
a major director,1
the feel of poetic tragedy,0
its appeal,1
peculiarly,0
pile too many `` serious issues '',0
is simply a lazy exercise in bad filmmaking that asks you to not only suspend your disbelief but your intelligence as well,0
gaps in their relationships,0
an appalling ` ace ventura ' rip-off,0
the script by vincent r. nebrida ... tries to cram too many ingredients into one small pot .,0
becomes a part of its fun,1
liked sometimes,1
cult,0
for people who take as many drugs as the film 's characters,0
lyne 's stolid remake,1
if stupid americans will get a kick out of goofy brits with cute accents performing ages-old slapstick and unfunny tricks,0
"most creative , energetic and original",1
wretched,0
"it 's been 13 months and 295 preview screenings since i last walked out on a movie , but resident evil really earned my indignant , preemptive departure",0
cliched and contrived,0
"my big fat greek wedding is not only the best date movie of the year , it 's also a -- dare i say it twice -- delightfully charming -- and totally american , i might add -- slice of comedic bliss .",1
offering next to little insight,0
"snapping it might have held my attention , but as it stands i",0
"a stylish but steady , and ultimately very satisfying , piece of character-driven storytelling",1
"is no doubt true , but serves as a rather thin moral to such a knowing fable",0
has n't much more to serve than silly fluff,0
"captures , in luminous interviews and amazingly evocative film from three decades ago , the essence of the dogtown experience .",1
every scrap is of the darkest variety,1
are limited and so embellished by editing that there 's really not much of a sense of action or even action-comedy .,0
of nothing at the core of this slight coming-of-age/coming-out tale,0
a companionable couple,1
caught up in an intricate plot,1
"is n't a product of its cinematic predecessors so much as an mtv , sugar hysteria , and playstation cocktail",0
as bad,0
rescue adrian lyne 's unfaithful from its sleazy moralizing,0
the action and special effects,1
sweet and,1
"directed with purpose and finesse by england 's roger mitchell , who handily makes the move from pleasing , relatively lightweight commercial fare such as notting hill to commercial fare with real thematic heft .",1
one of those films that started with a great premise and then just fell apart,0
( a ) devastatingly powerful and astonishingly vivid holocaust drama .,1
if you 're looking for something new and hoping for something entertaining,1
", the update is dreary and sluggish .",0
sentimentalized,0
frightening late fees,0
frustrates and,0
of director john stockwell,1
"is one big , dumb action movie .",0
attal 's hang-ups surrounding infidelity are so old-fashioned and,0
will gratify anyone who has ever suspected hollywood of being overrun by corrupt and hedonistic weasels .,1
been hoping for,1
films crammed with movie references,0
nohe 's documentary about the event is sympathetic without being gullible,1
which very simply sets out to entertain and ends up delivering in good measure,1
emerges as a surprisingly anemic disappointment,0
"an energetic , violent movie",1
's both sitcomishly predictable and cloying in its attempts to be poignant .,0
such clarity,1
co-winner,1
one of the best love stories of any stripe,1
originality,1
fortify this turgid fable,0
would take a complete moron to foul up a screen adaptation of oscar wilde 's classic satire,0
"is a little scattered -- ditsy , even .",0
"that both thrills the eye and , in its over-the-top way , touches the heart .",1
beautifully,1
unleashes,1
"familiar and predictable ,",0
"next week , why bother with a contemptible imitator starring a `` snl '' has-been acting like an 8-year-old channeling roberto benigni ?",0
in too many conflicts,0
muck,0
content to dog-paddle in the mediocre end of the pool,0
quirky and satirical touches,1
", for its eccentric , accident-prone characters , and for the crazy things that keep people going in this crazy life",1
greatest musicians,1
touching,1
mean-spirited,0
unbelievable,1
"a clever and cutting , quick and dirty look at modern living and movie life",1
this unique and entertaining twist,1
a terrific performance in this fascinating portrait of a modern lothario,1
's refreshing to see a movie that embraces its old-fashioned themes and in the process comes out looking like something wholly original,1
you know the picture is in trouble .,0
"soderbergh 's best films , `` erin brockovich , '' `` out of sight ''",1
"a movie filled with unlikable , spiteful idiots",0
do n't bother,0
major-league,1
"a stirring , funny and",1
", godard can still be smarter than any 50 other filmmakers still at work .",1
this could be a movie that ends up slapping its target audience in the face by shooting itself in the foot .,0
meandering ending,0
"after several scenes of this tacky nonsense , you 'll be wistful for the testosterone-charged wizardry of jerry bruckheimer productions , especially because half past dead is like the rock on a wal-mart budget .",0
a real howler,1
( and better ),1
spider-man,1
"does a good job of establishing a time and place , and of telling a fascinating character 's story",1
this flat effort,0
go over the top and movies that do n't care about being stupid,0
fills the eyes,1
pay to see it,1
"during the tuxedo 's 90 minutes of screen time , there is n't one true ` chan moment ' .",0
out of control,0
"stale , standard , connect-the-dots storyline",0
be awed by the power and grace of one of the greatest natural sportsmen of modern times,1
jell into charm,1
"entertaining , if ultimately minor ,",1
a glorious spectacle,1
sordid and,0
war,0
a confusing melange,0
"the film itself -- as well its delightful cast -- is so breezy , pretty and gifted , it really won my heart",1
cleverly constructed scenario,1
"no one can doubt the filmmakers ' motives , but the guys still feels counterproductive .",0
must have been lost in the translation,0
tested by bad luck and their own immaturity,0
no fantasy story,1
"features nonsensical and laughable plotting , wooden performances",0
there is no foundation for it,0
rescue brown sugar from the curse of blandness,0
klein,0
"is we never really see her esther blossom as an actress , even though her talent is supposed to be growing .",0
shallow and immature character,0
on crummy-looking videotape,0
"to create characters who are sweet and believable , and are defeated by a screenplay that forces them into bizarre , implausible behavior",0
chilling and fascinating,1
blazing,1
loads of irreparable damage,0
that it 's too close to real life to make sense,0
drags out,0
have sprung from such a great one,1
find it more than capable of rewarding them,1
will most likely doze off during this one,0
's never a dull moment in the giant spider invasion comic chiller,1
strong themes,1
"littered with zero-dimensional , unlikable characters and hackneyed , threadbare comic setups .",0
"as far as art is concerned , it 's mission accomplished",1
"'s both degrading and strangely liberating to see people working so hard at leading lives of sexy intrigue , only to be revealed by the dispassionate gantz brothers as ordinary , pasty lumpen",1
"fails on its own ,",0
a groundbreaking endeavor,1
"it 's up to ( watts ) to lend credibility to this strange scenario , and her presence succeeds in making us believe",1
"is too calm and thoughtful for agitprop , and the thinness of its characterizations makes it a failure as straight drama .",0
deal with the subject of love head-on,1
loosely-connected string,0
find yourself rooting for gai 's character to avoid the fate that has befallen every other carmen before her,1
the crisp clarity,1
i have n't seen such self-amused trash since freddy got fingered .,0
"( toback 's ) fondness for fancy split-screen , stuttering editing and pompous references to wittgenstein and kirkegaard ...",0
such an engrossing story that will capture the minds and hearts of many,1
could become a historically significant work as well as a masterfully made one,1
actresses ( and one academy award winning actor ) succumb to appearing in this junk that 's tv sitcom material at best,0
the following things are not at all entertaining :,0
a jackie chan movie,1
victimized,0
fish-out-of-water formula,0
derivative,1
a very good time at the cinema,1
go see this delightful comedy .,1
a visual style that incorporates rotoscope animation for no apparent reason except,0
"atrociously , mind-numbingly , indescribably bad movie",0
", easily substitutable",0
is the opposite of a truly magical movie,0
has little clue about either the nature of women or of friendship,0
"is shallow , offensive and redundant , with pitifully few real laughs .",0
"little action ,",0
i must have failed,0
from a riot-control projectile or my own tortured psyche,0
hit on a 15-year old,0
something of a public service,1
the cinematic equivalent of high humidity,0
"fresh and raw like a blown-out vein , narc takes a walking-dead , cop-flick subgenre and beats new life into it .",1
"cruel , misanthropic stuff with only weak claims to surrealism and black comedy",0
a `` snl '' has-been acting like an 8-year-old channeling roberto benigni,0
undermines the possibility for an exploration of the thornier aspects of the nature/nurture argument in regards to homosexuality,0
puzzle his most ardent fans,0
an enjoyable 100 minutes,1
it 's refreshing to see a romance this smart .,1
"gooding is the energetic frontman , and",1
"cuba gooding jr. valiantly mugs his way through snow dogs , but even his boisterous energy fails to spark this leaden comedy",0
"for a smart , nuanced look at de sade and what might have happened at picpus",1
"is a happy , heady jumble of thought and storytelling , an insane comic undertaking that ultimately coheres into a sane and breathtakingly creative film .",1
heartache everyone,0
spectacular,1
monotone,0
a number of holes,0
marred beyond redemption,0
"remarkably fuddled about motives and context , which drains it of the dramatic substance that would shake us in our boots ( or cinema seats )",0
makes,1
i was beginning to hate it,0
is a particularly vexing handicap,0
"its flabbergasting principals , 14-year-old robert macnaughton , 6-year-old drew barrymore and 10-year-old henry thomas , convince us of the existence of the wise , wizened visitor from a faraway planet",1
the ` true story ' by which all the queen 's men is allegedly `` inspired '' was a lot funnier and more deftly enacted than what 's been cobbled together onscreen,0
a marvel of production design .,1
-- as long as you 're wearing the somewhat cumbersome 3d goggles,0
"... plays like a badly edited , 91-minute trailer ( and ) the director ca n't seem to get a coherent rhythm going .",0
by flashes of mordant humor,1
good-natured,1
the filmmakers found this a remarkable and novel concept,1
nazi,0
meandering and pointless french coming-of-age import,0
for the quirky,1
that it does n't give a damn,0
"a delightful little film that revels in its own simplicity , mostly martha will leave you with a smile on your face and a grumble in your stomach .",1
bind us,0
spot on,1
for something new,1
plays out like a flimsy excuse to give blade fans another look at wesley snipes ' iconic hero doing battle with dozens of bad guys -- at once .,0
because of its broad racial insensitivity towards african-americans,0
get out your pooper-scoopers .,0
", pointless meditation on losers in a gone-to-seed hotel .",0
tie together beautifully,1
its promising cast,1
rarely have received such a sophisticated and unsentimental treatment on the big screen as they do in this marvelous film .,1
"an unflinching , complex portrait of a modern israel that is rarely seen on-screen",1
the grade as tawdry trash,0
'' leaves us with the terrifying message that the real horror may be waiting for us at home,1
"the actors ' perfect comic timing and sweet , genuine chemistry",1
"i walked away not really know who `` they '' were , what `` they '' looked like .",0
a mimetic approximation of better films,0
a feat any thinking person is bound to appreciate,1
chan 's uniqueness,1
their incessant whining,0
"works smoothly under the direction of spielberg , who does a convincing impersonation here of a director enjoying himself immensely .",1
"i thought the relationships were wonderful , the comedy was funny , and the love ` real '",1
writer / director m. night shyamalan 's ability to pull together easily accessible stories that resonate with profundity is undeniable .,1
you 've wasted nearly two hours of your own precious life with this silly little puddle of a movie,0
dickens ' wonderfully sprawling soap opera,1
time fillers between surf shots,0
a lot better,1
miracles,1
"highly entertaining , self-aggrandizing , politically motivated documentary-making",1
good theatre,1
by a disastrous ending,0
organized,1
none of this sounds promising,0
"the setting turns out to be more interesting than any of the character dramas , which never reach satisfying conclusions .",0
jonathan parker 's bartleby should have been the be-all-end-all of the modern-office anomie films .,1
"style adventure that plays like a bad soap opera , with passable performances from everyone in the cast",0
the shallow sensationalism characteristic,0
"is truly funny , playing a kind of ghandi gone bad .",1
's a frankenstein-monster of a film that does n't know what it wants to be,0
it is about a domestic unit finding their way to joy,1
a talented director,1
"uncompromising , difficult",0
unturned,0
welcome to collinwood never catches fire .,0
"a caffeinated , sloppy brilliance ,",1
thanks to the presence,1
that gets a quick release before real contenders arrive in september,0
is an exercise not in biography but in hero worship .,1
"cannon 's confidence and laid-back good spirits are , with the drumming routines , among the film 's saving graces .",1
a no-surprise series of explosions and violence while banderas looks like he 's not trying to laugh at how bad,0
"with such a buoyant , expressive flow of images",1
it might as well have been titled generic jennifer lopez romantic comedy,0
inspiring or insightful,1
tossed in,1
is a movie full of grace,1
a catalyst for the struggle of black manhood in restrictive and chaotic america ...,1
rollicking dark humor,1
"good action , good acting",1
a massive infusion of old-fashioned hollywood magic,1
moved,1
"the story is lacking any real emotional impact , and",0
well-done supernatural thriller with keen insights into parapsychological phenomena and the soulful nuances of the grieving process .,1
is too much of a plunge,0
"( n ) o matter how much good will the actors generate , showtime eventually folds under its own thinness .",0
", enveloping affection",1
while it evaporates like so much crypt mist in the brain,0
"an extraordinary film , not least",1
played-out idea,0
"lack depth or complexity , with the ironic exception of scooter .",0
is n't a new idea,0
well acted by diane lane and richard gere .,1
"light , silly , photographed with color and depth , and rather a good time .",1
singularly off-putting romantic comedy .,0
"road to perdition does display greatness , and",1
"there 's a plethora of characters in this picture , and",1
british comedy,1
"running on empty , repeating what he 's already done way too often",0
landmark as monumental as disney 's 1937 breakthrough snow white and the seven dwarfs,1
as a well-made evocation,1
the film itself is about something very interesting and odd that would probably work better as a real documentary without the insinuation of mediocre acting or a fairly trite narrative .,0
"by movie 's end , we accept the characters and the film , flaws and all",1
enough throwaway references to faith and rainbows to plant smile-button faces on that segment of the populace that made a walk to remember a niche hit,1
' the play more has partly closed it down .,0
"meyjes 's movie , like max rothman 's future , does not work .",0
utter mush ...,0
"it 's mildly interesting to ponder the peculiar american style of justice that plays out here , but",1
already thin story,0
is that it avoids the obvious with humor and lightness .,1
deftly spins the multiple stories in a vibrant and intoxicating fashion,1
limited but enthusiastic,1
strained caper movies that 's hardly any fun to watch and,0
bolstered by exceptional performances and a clear-eyed take on the economics of dealing and the pathology of ghetto fabulousness .,1
magnificent to behold in its sparkling beauty,1
makes up for with its heart,1
"a distinctly minor effort that will be seen to better advantage on cable , especially considering its barely feature-length running time of one hour .",0
visually sloppy,0
combined with stunning animation .,1
for two directors with far less endearing disabilities,0
director michael cacoyannis displays with somber earnestness in the new adaptation of the cherry orchard,1
"the unfulfilling , incongruous ,",0
"leave it to john sayles to take on developers , the chamber of commerce , tourism , historical pageants , and commercialism all in the same movie ... without neglecting character development for even one minute .",1
very valuable film,1
does n't quite go the distance,0
of lame entertainment,0
is enjoyable family fare,1
subject as monstrous and pathetic as dahmer,0
visually masterful,1
working from a surprisingly sensitive script co-written by gianni romoli,1
libido film,1
( hopkins ) does n't so much phone in his performance as fax it .,0
is as appalling as any ` comedy ' to ever spill from a projector 's lens,0
that does n't come close to the level of intelligence and visual splendor that can be seen in other films,0
endearing,1
"so , i trust",1
still show virtually no understanding of it,0
makes up for in heart what it lacks in outright newness,1
impossible spot,0
had all its vital essence scooped,0
harvard man is something rare and riveting : a wild ride that relies on more than special effects .,1
's really so appealing about the characters,1
summer fluff,0
ends or just ca n't tear himself away from the characters,1
"love , longing",1
bad idea,0
that shoplifts shamelessly from farewell-to-innocence movies like the wanderers and a bronx tale without cribbing any of their intelligence,0
enjoyable in its own right,1
too immature and unappealing to care about,0
not since ghostbusters has a film used manhattan 's architecture in such a gloriously goofy way .,1
strained caper movies that 's hardly any fun to watch,0
uncanny ability to right itself precisely when you think it 's in danger of going wrong,1
the sum of its pretensions,0
"its exquisite acting , inventive screenplay , mesmerizing music , and",1
a student film,1
none of the visual wit of the previous pictures,0
long and unfocused,0
's because there 's no discernible feeling beneath the chest hair,0
"a timely look back at civil disobedience , anti-war movements and the power of strong voices .",1
airs just about every cliche in the war movie compendium across its indulgent two-hour-and-fifteen-minute length,0
", this nasty comedy pokes fun at the same easy targets as other rowdy raunch-fests -- farts , boobs , unmentionables -- without much success .",0
captivates and shows how a skillful filmmaker can impart a message without bludgeoning the audience over the head .,1
any attempts at nuance given by the capable cast is drowned out by director jon purdy 's sledgehammer sap .,0
"that will be seen to better advantage on cable , especially considering its barely",0
of 2-day old coke,0
's not too bad,1
made me unintentionally famous -- as the queasy-stomached critic who staggered from the theater and blacked out in the lobby .,0
undone by howard 's self-conscious attempts,0
a moving story of determination and the human spirit .,1
limited by its short running time,0
resonant gem,1
gaping plot holes sink this ` sub ',0
the story and ensuing complications are too manipulative,0
without sacrificing its high-minded appeal,1
can both maintain and dismantle the facades that his genre and his character construct is a wonderous accomplishment of veracity and narrative grace .,1
pitch-perfect holden,1
"the effort is sincere and the results are honest ,",1
"it all was , and started doing nothing but reacting to it - feeling a part of its grand locations , thinking urgently as the protagonists struggled , feeling at the mercy of its inventiveness , gasping at its visual delights",1
hands-on storytelling,1
"is a lot like a well-made pb & j sandwich : familiar , fairly uneventful and boasting no real surprises -- but still quite tasty and inviting all the same .",1
"gritty realism , crisp storytelling and radiant compassion",1
once again ego does n't always go hand in hand with talent,0
"muccino seems to be exploring the idea of why human beings long for what they do n't have , and how this gets us in trouble .",1
drags the film down,0
the stars,1
overrun with movies dominated by cgi aliens and super heroes,0
a bland animated sequel that hardly seems worth the effort .,0
there is n't much there here .,0
just is n't a very involving one,0
goes to absurd lengths,0
"white oleander may leave you rolling your eyes in the dark , but that does n't mean you wo n't like looking at it",1
the mediocre end,0
though they are having so much fun,1
like all four of the lead actors a lot,1
"this is n't exactly profound cinema , but it 's good-natured and sometimes quite funny .",1
small delights,1
"in an era where big stars and high production values are standard procedure , narc strikes a defiantly retro chord , and outpaces its contemporaries with daring and verve .",1
a striking new significance for anyone,1
achieve a shock-you-into-laughter intensity of almost dadaist proportions,1
in addition to being very funny,1
is the kind of movie that gets a quick release before real contenders arrive in september,0
has made a decent ` intro ' documentary,1
for all audiences,1
the movie is powerful and provocative .,1
we want the funk - and this movie 's got it,1
"faster , livelier and a good deal funnier than his original",1
surrounds herself with a company of strictly a-list players,1
remarkably,1
delight,1
"will no doubt rally to its cause , trotting out threadbare standbys like ` masterpiece ' and ` triumph ' and all that malarkey , but",0
the history is fascinating,1
the best disney movie,1
"the script is high on squaddie banter , low on shocks .",1
has an odd purity that does n't bring you into the characters so much as it has you study them .,1
awkward,0
bad behavior,0
hope and magic,1
go-for-broke,1
are more involving than this mess,0
"like most of jaglom 's films , some of it is honestly affecting ,",1
worth a,1
the forced new jersey lowbrow accent uma,0
"due to stodgy , soap opera-ish dialogue",0
rejigger fatal attraction into a high school setting,0
"a powerful , inflammatory film about religion that dares to question an ancient faith , and about hatred that offers no easy , comfortable resolution",1
"watching war photographer , you come to believe that nachtwey hates the wars he shows and empathizes with the victims he reveals .",1
great material,1
a more fascinating look at the future than `` bladerunner '' and one of the most high-concept sci fi adventures attempted for the screen,1
captivatingly quirky hybrid,1
will be something to behold,1
"crack you up with her crass , then gasp for gas , verbal deportment",1
smartly and,1
"fun and funny in the middle , though",1
"deliver awe-inspiring , at times sublime , visuals",1
finds its moviegoing pleasures in the tiny events that could make a person who has lived her life half-asleep suddenly wake up and take notice,1
in the hands of a brutally honest individual like prophet jack,1
"smart , compelling drama",1
body humor and reinforcement,1
the mediterranean sparkles,1
too much norma rae,0
what annoyed me most about god is great,0
"the delicious trimmings ... arrive early and stay late , filling nearly every minute ... with a lighthearted glow , some impudent snickers , and a glorious dose of humankind 's liberating ability to triumph over a scrooge or two .",1
"in the film 's drumbeat about authenticity , given the stale plot and pornographic way the film revels in swank apartments , clothes and parties",1
liberal doses,0
faltering half-step,0
"of a mixed bag , with enough negatives",0
"boldly , confidently orchestrated , aesthetically and sexually",1
bubbles up out of john c. walsh 's pipe dream is the distinct and very welcome sense of watching intelligent people making a movie,1
"gets too cloying thanks to the actors ' perfect comic timing and sweet , genuine chemistry",1
a fascinating case study of flower-power liberation -- and the price that was paid for it .,1
though lan yu lacks a sense of dramatic urgency,0
this masterfully calibrated psychological thriller thrives on its taut performances and creepy atmosphere even if the screenplay falls somewhat short .,1
nudity,0
evokes,1
"shows why , after only three films , director/co-writer jacques audiard , though little known in this country , belongs in the very top rank of french filmmakers",1
the young woman 's infirmity and her naive dreams,0
"of dark humor , gorgeous exterior photography , and a stable-full of solid performances",1
well-crafted film,1
one-sided,0
"... a vivid , thoughtful , unapologetically raw coming-of-age tale full of sex , drugs and rock 'n' roll .",1
which somehow snagged an oscar nomination,0
a remarkable film that explores the monster 's psychology not in order to excuse him but rather to demonstrate that his pathology evolved from human impulses that grew hideously twisted,1
the film is way too full of itself ; it 's stuffy and pretentious in a give-me-an-oscar kind of way,0
strong dramatic and emotional pull,1
has the thrown-together feel of a summer-camp talent show : hastily written,0
something must have been lost in the translation .,0
"elegant and eloquent ( meditation ) on death and that most elusive of passions , love .",1
"though the aboriginal aspect lends the ending an extraordinary poignancy , and the story itself could be played out in any working class community in the nation .",1
of dramatic interest,1
that movie nothing,0
"the passion , creativity , and fearlessness of one of mexico 's most colorful and controversial artists -- a captivating drama that will speak to the nonconformist in us all",1
"goofy , life-affirming moments",1
"contains a few big laughs but many more that graze the funny bone or miss it altogether , in part because the consciously dumbed-down approach wears thin",0
far too sentimental,0
over-dramatic at times,0
disease-of-the-week small-screen melodramas,0
play like the worst kind of hollywood heart-string plucking,0
never,0
draws you,1
the origins,1
's betting her third feature will be something to behold,1
offer some modest amusements,1
mishmash .,0
friendly,1
"when he is not more lucratively engaged in the shameless self-caricature of ` analyze this ' ( 1999 ) and ` analyze that , ' promised ( or threatened ) for later this year",0
gives a superb performance,1
", the dialogue sounds like horrible poetry .",0
one hour photo is a sobering meditation on why we take pictures .,1
"by the movie 's presentation , which is way too stagy",0
is that its own action is n't very effective .,0
so incredibly inane,0
"written , flatly , by david kendall and",0
an enjoyably,1
is powerful and provocative,1
"so we got ten little indians meets friday the 13th by way of clean and sober , filmed on the set of carpenter 's the thing and loaded with actors you 're most likely to find on the next inevitable incarnation of the love boat .",0
93 minutes of unrecoverable life,0
my mind,1
takes a hat-in-hand approach,1
from the dullest science fiction,0
a filmmaking methodology that 's just experimental enough to alienate the mainstream audience while ringing cliched to hardened indie-heads,0
more forced than usual,0
b-movie you,0
overflowing,1
plays like one of those conversations that comic book guy on `` the simpsons '' has .,0
moments of hilarity to be had,1
lethally dull,0
a feel-good movie about which you can actually feel good,1
a scathing portrayal of a powerful entity strangling the life out,1
a total lack,0
"a film neither bitter nor sweet , neither romantic nor comedic , neither warm nor fuzzy",0
skin of man gets a few cheap shocks from its kids-in-peril theatrics,0
presents a fascinating but flawed look at the near future,1
ineffective,0
for sick and demented humor simply,0
19 stays afloat as decent drama/action flick,1
"looking for a smart , nuanced look at de sade and what might have happened at picpus",1
long and eventful,1
a gentle and engrossing character study .,1
pandering,0
"of the bride 's humor is born out of an engaging storyline , which also is n't embarrassed to make you reach for the tissues .",1
overwhelmingly,1
"who has reached puberty actually finding the characters in slackers or their antics amusing , let alone funny",0
before but never so vividly,1
"it has no affect on the kurds , but it wore me down .",0
"the cleverness ,",1
"you 'll forget about it by monday , though , and if they 're old enough to have developed some taste , so will your kids",0
what begins as a conventional thriller evolves into a gorgeously atmospheric meditation on life-changing chance encounters .,1
kids should have a stirring time at this beautifully drawn movie .,1
i have a confession to make : i did n't particularly like e.t. the first time i saw it as a young boy .,0
"it ai n't art , by a long shot",0
's not original enough .,0
"will undoubtedly play well in european markets , where mr. besson is a brand name , and in asia , where ms. shu is an institution , but american audiences will probably find it familiar and insufficiently cathartic",0
", windtalkers seems to have ransacked every old world war ii movie for overly familiar material .",0
message-mongering moralism,0
sensuality and a conniving wit,1
"` synthetic ' is the best description of this well-meaning , beautifully produced film that sacrifices its promise for a high-powered star pedigree .",0
too dry and too placid,0
of the best of a growing strain of daring films,1
"coarse , cliched and clunky",0
grabs you in the dark and shakes you vigorously for its duration,1
slumming,0
for the heart as well as the mind,1
"a doctor 's office , emergency room , hospital bed or insurance company office",1
off-beat and fanciful,1
deeply humanistic artist,1
its hard to imagine having more fun watching a documentary ...,1
episode ii -- attack of the clones is a technological exercise that lacks juice and delight .,0
"blessed with a searing lead performance by ryan gosling ( murder by numbers ) , the movie is powerful and provocative .",1
why is this so boring ?,0
"mostly , ( goldbacher ) just lets her complicated characters be unruly , confusing and , through it all , human .",1
"is no solace here , no entertainment value , merely a fierce lesson in where filmmaking can take us",0
is allegedly `` inspired '' was a lot funnier and more deftly enacted than what 's been cobbled together onscreen,0
"has none of the crackle of `` fatal attraction '' , `` 9 1/2 weeks '' , or even `` indecent proposal '' ,",0
often strains,0
become a historically significant work,1
that are damned in queen of the damned,0
evokes the bottom tier of blaxploitation flicks from the 1970s .,0
a major waste,0
horns and halos benefits from serendipity but also reminds us of our own responsibility to question what is told as the truth .,1
"... is , also , frequently hilarious .",1
a positively thrilling combination,1
the charisma,1
shot on ugly digital video,0
touches the heart and the funnybone thanks to the energetic and always surprising performance by rachel griffiths,1
"like vardalos and corbett , who play their roles with vibrant charm , the film , directed by joel zwick , is heartfelt and hilarious in ways you ca n't fake .",1
charming and funny,1
steers refreshingly clear of the usual cliches,1
welcomed tens of thousands of german jewish refugees,1
subtle ironies,1
"a strong first act and absolutely , inescapably gorgeous , skyscraper-trapeze motion of the amazing spider-man .",1
"( soderbergh ) tends to place most of the psychological and philosophical material in italics rather than trust an audience 's intelligence , and",0
the screenplay by billy ray and terry george leaves something to be desired .,0
could have been crisper and punchier,0
just not a thrilling movie,0
court maneuvers,1
"are strong , though the subject matter demands acting that borders on hammy at times",1
's quaid who anchors the film with his effortless performance and that trademark grin of his -- so perfect for a ballplayer .,1
i found it weirdly appealing,1
"while this movie , by necessity , lacks fellowship 's heart",0
undeniable entertainment value,1
too much exploitation,0
likely to drown a viewer in boredom than to send any shivers down his spine,0
delightful work,1
stages his gags as assaults on america 's knee-jerk moral sanctimony,0
"is more interesting than the screenplay , which lags badly in the middle and lurches between not-very-funny comedy , unconvincing dramatics and some last-minute action strongly reminiscent of run lola run",0
first-time director joão pedro rodrigues ' unwillingness to define his hero 's background or motivations,0
someone other than the director got into the editing room and tried to improve things by making the movie go faster,0
riding with the inherent absurdity of ganesh 's rise up the social ladder,0
"to tell you how tedious , how resolutely unamusing , how thoroughly unrewarding all of this is , and what a reckless squandering of four fine acting talents",0
does n't take itself so deadly seriously,1
puts flimsy flicks like this behind bars,0
's still too burdened by the actor,0
's a brazenly misguided project,0
a fake street drama that keeps telling you,0
tickled,1
love story,1
to the film 's considerable charm,1
fast-paced,1
is laughable in the solemnity with which it tries to pump life into overworked elements from eastwood 's dirty harry period .,0
indoor drama,1
it look like a masterpiece,1
intriguing and stylish,1
to sit through than most of jaglom 's self-conscious and gratingly irritating films,0
see over and over again,1
'd grab your kids and run and then probably call the police,0
"contradictory , self-hating , self-destructive ways",0
"in other words , about as bad a film",0
"this is a smart movie that knows its classical music , knows its freud and knows its sade .",1
"manipulation ,",0
is all over the place,0
has created a brilliant motion picture,1
bring new energy to the familiar topic of office politics .,1
is the kathie lee gifford of film directors,0
an ebullient tunisian film about the startling transformation of a tradition-bound widow who is drawn into the exotic world of belly dancing,1
this is one of the biggest disappointments of the year .,0
to one of demme 's good films,1
deserve to go down with a ship as leaky as this,0
"if disingenuous ,",0
to wait for the video,0
weighs no more than a glass of flat champagne,0
fights the good fight in vietnam in director randall wallace 's flag-waving war flick with a core of decency,1
more than recycled jock,0
great acting,1
"seagal ran out of movies years ago ,",0
especially disappointing,0
is something of a triumph,1
fusty squareness,0
unendurable viewing experience,0
dickens ' words and writer-director douglas mcgrath 's even-toned direction,1
a great piece,1
"is all over the place , really .",0
did n't mean much to me and,0
balzac and the little chinese seamstress that transforms this story about love and culture into a cinematic poem,1
have been a painless time-killer,1
phoned-in business as usual .,0
solidly entertaining and moving family drama,1
suffers from its timid parsing of the barn-side target of sons trying to breach gaps in their relationships with their fathers .,0
stirs us as well,1
amusing characters,1
that he 's spiffing up leftovers that are n't so substantial or fresh,0
the history is fascinating ;,1
except as a harsh conceptual exercise,0
written and directed with brutal honesty and respect for its audience .,1
"'s a movie that ends with truckzilla , for cryin ' out loud",0
direct-to-video/dvd category,0
a feature debut that is fully formed and remarkably assured,1
the perfect movie many have made it out to be,1
", david caesar has stepped into the mainstream of filmmaking with an assurance worthy of international acclaim and with every cinematic tool well under his control -- driven by a natural sense for what works on screen .",1
"be captivated , as i was , by its moods , and by its subtly transformed star , and",1
outrageous or funny,1
"the premise of `` abandon '' holds promise , ...",1
kooky and overeager,0
"hilariously , gloriously alive , and",1
great actors hamming it up,1
